{
  "H070000157": 0.122011859504132,
  "H070000822": 0.000589090909090909,
  "H170000530": 0.00568462809917355,
  "H170000934": 0.000155454545454545,
  "H040000055": 0.514940727272727,
  "H130000371": 0.00953057851239669,
  "H040000003": 0.190055454545455,
  "H040000130": 0.02484,
  "H040000053": 0.0232436363636364,
  "H120000009": 0.0690771818181818,
  "H120000798": 0.0312336363636364,
  "H050000124": 0.0357330578512397,
  "H050001086": 0.000957272727272727,
  "H120000115": 0.133796181818182,
  "H120000318": 0.0350608595041322,
  "H120000797": 0.00191454545454545,
  "H120000023": 0.0167063636363636,
  "H120000039": 0.0653727272727273,
  "H120000061": 0.0,
  "H120000810": 0.000726363636363636,
  "H120000303": 0.0658085454545455,
  "H120000142": 0.0406763636363636,
  "H060000491": 0.286036363636364,
  "H060000451": 0.258527454545455,
  "H060000464": 0.0663709090909091,
  "H060000091": 0.705763636363636,
  "H080000070": 0.829004958677686,
  "H080000072": 0.993089586776859,
  "H080000004": 0.739461818181818,
  "H080000122": 0.111632975206612,
  "H060000344": 0.0542454545454545,
  "H080000382": 0.000294545454545455,
  "H080000121": 0.238062148760331,
  "H080000384": 0.0013299173553719,
  "H080000120": 0.0628979338842975,
  "H080000386": 0.0,
  "H060001152": 0.0116590909090909,
  "H090001863": 0.000662727272727273,
  "H190000139": 0.129354545454545,
  "H090000996": 0.00646036363636364,
  "H090001825": 0.00153818181818182,
  "H090000999": 0.0271489090909091,
  "H190000095": 0.0448936363636364,
  "H190000053": 0.0136963636363636,
  "H190000216": 0.00228272727272727,
  "H190000119": 0.0372845454545455,
  "H190000074": 0.0114136363636364,
  "H030000256": 0.0403131818181818,
  "H190000008": 0.00304363636363636,
  "H090000183": 0.46389694214876,
  "H090001895": 0.0192272727272727,
  "H030000028": 0.0,
  "H030000082": 0.0145272727272727,
  "H190000295": 0.00837,
  "H020000198": 0.0791970247933884,
  "H020000146": 0.0139328099173554,
  "H110000018": 0.0326863636363636,
  "H020000928": 0.00513314049586777,
  "H020000927": 0.00513314049586777,
  "H020000926": 0.0190659504132231,
  "H020000933": 0.0183326446280992,
  "H110000162": 0.0283281818181818,
  "H110000128": 0.00290545454545455,
  "H020000066": 0.00145272727272727,
  "H020000332": 0.170963702479339,
  "H020000241": 0.000225818181818182,
  "H280000037": 0.0185313636363636,
  "H110000004": 0.00152181818181818,
  "H110000043": 0.0036396694214876,
  "H110000003": 0.0254227272727273,
  "H110000006": 0.0732994214876033,
  "H280000002": 0.210121818181818,
  "H110000261": 0.0273532231404959,
  "H280000472": 0.0973327272727273,
  "H020000068": 0.00267140495867769,
  "H020000294": 0.0938631404958678,
  "H280000189": 0.003995,
  "H280000001": 0.0213785123966942,
  "H020000656": 0.0239748760330579,
  "H110000010": 0.0421417024793388,
  "H280000147": 0.00217909090909091,
  "H280000159": 0.0245785123966942,
  "H280000116": 0.1418,
  "H110000053": 0.00508454545454545,
  "H110000027": 0.0196118181818182,
  "H100000338": 0.0107730578512397,
  "H100000481": 0.00630413223140496,
  "H100000523": 0.150577595041322,
  "H100000521": 0.0244164710743802,
  "H100000525": 0.0454037190082645,
  "H100000999": 0.0105013636363636,
  "H100000657": 0.0121173553719008,
  "H100000309": 0.123496859504132,
  "H100000499": 0.0215461157024793,
  "H100000500": 0.0019403305785124,
  "H100001090": 0.00831677685950413,
  "H100000473": 0.0644643305785124,
  "H100000386": 0.0391399173553719,
  "H100001039": 0.309340661157025,
  "H100000520": 0.0271,
  "H100000835": 0.108818181818182,
  "H100000491": 0.13426652892562,
  "H100001054": 0.123381818181818,
  "H100000747": 0.0243409090909091,
  "H100000370": 0.0100376859504132,
  "H100000380": 0.0270779834710744,
  "H100000867": 0.0254527272727273,
  "H100000015": 0.150814462809917,
  "H100000317": 0.0352634710743802,
  "H100000588": 0.0687272727272727,
  "H100001126": 0.00306818181818182,
  "H100000121": 0.0206018181818182,
  "H100001145": 0.00153900826446281,
  "H100001401": 0.000388636363636364,
  "H100000235": 0.0763834710743802,
  "H100000738": 0.0194318181818182,
  "H100000262": 0.00689682644628099,
  "H100000504": 0.0230851239669421,
  "H100001418": 7.69504132231405e-05,
  "H100000261": 0.0504330578512397,
  "H100000800": 0.00654545454545455,
  "H100001426": 0.000155454545454545,
  "H100000601": 0.0172739669421488,
  "H100001078": 0.0222545454545455,
  "H100000017": 0.135432727272727,
  "H100000563": 0.0476817933884298,
  "H100000476": 0.00307801652892562,
  "H040000766": 0.000752727272727273,
  "H100000503": 0.0307801652892562,
  "H110000638": 0.00363181818181818,
  "H170000663": 7.10578512396694e-05,
  "H170000181": 0.118819801652893,
  "H160000007": 0.00190227272727273,
  "H170000002": 0.000142115702479339,
  "H170000004": 0.000721652892561983,
  "H160000073": 0.000753719008264463,
  "H170000056": 0.000360826446280992,
  "H040000022": 0.000777768595041322,
  "H040000036": 0.000150545454545455,
  "H120000016": -0.000152347107438017,
  "H150000003": 0.00152181818181818,
  "H150000004": 0.00152181818181818,
  "H060000171": 0.00135818181818182,
  "H030000056": 0.00329219008264463,
  "H090000010": -7.69090909090909e-05,
  "H090000116": 0.00380867768595041,
  "H090001828": -7.69090909090909e-05,
  "H090000044": 7.69090909090909e-05,
  "H030000053": 0.00456047933884298,
  "H190000003": 0.000152181818181818,
  "H190000021": 0.000679090909090909,
  "H030000030": 0.000154694214876033,
  "H090000011": 0.00763239669421488,
  "H020000003": 0.0308452066115702,
  "H020000062": 0.000366652892561983,
  "H020000035": 0.0755466611570248,
  "H020000552": 0.0103482231404959,
  "H020000674": 0.000726363636363636,
  "H020000937": 0.00021999173553719,
  "H020000250": 0.00256657024793388,
  "H100001040": 0.000155454545454545,
  "H100000038": -0.00196363636363636,
  "H100000712": -0.000654545454545455,
  "H100000037": 0.000654545454545455,
  "H160000001": 0.00060297520661157,
  "H170000101": 0.409807685950413,
  "H070000082": 0.000150644628099174,
  "H170000017": 0.00194846280991736,
  "H170000001": 0.00994809917355372,
  "H170000905": 0.00346393388429752,
  "H040000002": 0.000363181818181818,
  "H040000056": 0.00069999173553719,
  "H120000143": 0.550308884297521,
  "H050000029": -0.00299090909090909,
  "H050000587": -0.00256363636363636,
  "H050000185": -0.00128181818181818,
  "H120000022": 0.00225172727272727,
  "H120000003": 0.00108954545454545,
  "H150000034": 0.000152181818181818,
  "H090000422": 0.0,
  "H090000012": 0.000153818181818182,
  "H020000724": 0.0175993388429752,
  "H020000516": 0.000147099173553719,
  "H020000338": 0.00196118181818182,
  "H020000683": 0.00146661157024793,
  "H100000456": 0.0179295454545455,
  "H170000186": 0.000284231404958678,
  "H160000021": 0.000904462809917355,
  "H070000033": 0.00676227272727273,
  "H070000002": 0.00194318181818182,
  "H050000018": 0.0300697520661157,
  "H120000005": 0.0014704132231405,
  "H060000005": 0.00115021487603306,
  "H060001049": 0.000475363636363636,
  "H020000691": 0.00403318181818182,
  "H020000009": 0.00622615702479339,
  "H020000144": 0.158978090909091,
  "H100000576": 0.0034844132231405,
  "H100000018": 0.0207022314049587,
  "H100000027": 0.000122727272727273,
  "H170000013": 0.0106082975206612,
  "H040000026": 0.00175130578512397,
  "H040000123": 0.00311107438016529,
  "H060000036": 0.00115445454545455,
  "H060000039": 0.00146971900826446,
  "H090000036": 0.366000082644628,
  "H090000121": 0.000384545454545455,
  "H020000019": 0.0293834545454545,
  "H020000056": 0.0604156611570248,
  "H110000049": 0.0042677520661157,
  "H020000061": 0.0159302066115702,
  "H170000047": 0.00526806611570248,
  "H050000048": -0.00838429752066116,
  "H030000002": 0.00626511570247934,
  "H020000016": 0.00920494214876033,
  "H020000026": 0.0115762561983471,
  "H020000032": 0.410939338842975,
  "H020000022": 0.00309828099173554,
  "H100000035": 0.00225409090909091,
  "H100000075": 0.00662684297520661,
  "H140000005": 0.500325826446281,
  "H040000024": 0.0142213884297521,